true_label,confidence_score
0,0.13956945312109728
1,0.9181896365201999
1,0.8829884168819915
0,0.009373031131512341
0,0.17824309417087428
0,0.06158208134559146
0,0.42636273046464884
1,0.25788102614088254
1,0.857115178298427
1,0.7144645048514167
0,0.248427293902776
1,0.6499769288085022
1,0.7811722219080816
0,0.4909085938399119
0,0.4467830166059854
0,0.10652181626761573
0,0.4451715758418182
0,0.03694101727171734
0,0.173541658666936
0,0.11132515044033363
1,0.39807369412677734
0,0.3374818638133401
0,0.37073267560378986
0,0.3667188947687448
0,0.21053727976938652
1,0.8216142836688761
0,0.49723066126318055
0,0.18250266128264886
0,0.24985522324001763
0,0.15060884559868243
1,0.8754775682471675
0,0.3749838423935887
0,0.2686226845969119
1,0.885610982551874
1,0.6963933097935268
1,0.8259972452649383
0,0.0519902658564557
0,0.2549227952157486
1,0.9519857798437701
0,0.11836838468673827
0,0.2532667141513251
0,0.2087195287869038
0,0.17307558935437026
1,0.8678165345057102
0,0.1421807572693752
1,0.8815347243947429
0,0.251268916203341
0,0.06854498393006046
0,0.14763098848475834
0,0.21727904425153954
1,0.8716150868278637
1,0.6538571758743
1,0.8144623815768965
1,0.6516320145588441
0,0.0912614305152664
1,0.7985126394097714
0,0.005326723342401105
0,0.18181079373049688
0,0.3073457600365401
0,0.34675426171305346
0,0.17616266772850395
0,0.5012612654018401
1,0.7646349044061878
0,0.2016281893768226
0,0.18495535437523308
0,0.06413245510559722
0,0.23102570443724083
1,0.7807016455518765
0,0.08135213010861021
1,0.8808552848006501
1,0.6303920611021285
0,0.30515336143923266
0,0.13682333157728047
1,0.9844500452030108
1,0.7680639745414932
1,0.7838148141379098
1,0.8361843494327816
0,0.15188765909290008
0,0.33348667065041965
0,0.22215338461438658
1,0.6058728488629233
1,0.5717752865663993
0,0.36115702733566357
0,0.22384652901403193
0,0.17740321876290194
0,0.21705274094129623
1,0.8394379903568319
1,0.8132758702955806
1,0.6899234452392989
0,0.5676080271790421
0,0.17287226404202694
1,0.8642565097922484
1,0.7595744368194529
0,0.20637694372109444
1,0.8095252319016445
0,0.35249093138819365
0,0.1659163862246879
0,0.6775690199371693
0,0.18019448845992064
0,0.33188046284053363
0,0.26401578687649685
1,0.592955172259689
0,0.06926788863829633
0,0.5068045561808385
1,0.7603504751473399
0,0.2384356558308129
0,0.12590242792787712
1,0.7232971915908976
0,0.34768166861322064
0,0.4255247047692536
0,0.29763457737499543
0,0.19568185029707616
1,0.8560929405215083
1,0.7108179436200704
1,0.8450340579748776
1,0.6837682599842385
1,0.6295007975973567
0,0.2852308007501444
1,0.7823486359181214
0,0.2494614957824965
1,0.6872919225860236
1,0.8768875915695402
0,0.12440913129033482
0,0.0298424319690836
0,0.22140490875336308
0,0.06391767547521775
1,0.8635989628521977
1,0.9415686510768799
0,0.518045507895109
0,0.20960912167672127
0,0.12211106638769069
0,0.23748087691752862
0,0.1784243615962472
0,0.20026732523923244
1,0.8866703063426241
0,0.17191875596477754
0,0.1716316392193505
1,0.7014369836468353
0,0.19980623467871433
1,0.9869569682115872
1,0.6606443870315453
0,0.356764839008369
0,0.18744437470672784
0,0.3602012770588379
0,0.32470884754808704
0,0.08776513070284146
1,0.8107557784657051
0,0.06416662793427724
0,0.07581216918604872
0,0.15688084176055314
1,0.9028479697313742
0,0.2753048514092346
0,0.10022449745003087
0,0.04352738611850439
1,0.8400223903412655
0,0.22185485826892207
1,0.35301268627311283
1,0.8219025380645845
0,0.391713354641408
1,0.7815269101722743
0,0.37555186844939836
1,0.75546849886503
1,0.6581080903709757
0,0.3362515444921265
0,0.08583026080669122
1,0.7741378222989423
0,0.43034091329024493
0,0.05097858566122018
0,0.2490921596204473
0,0.6119052393743645
1,0.8323357302000428
0,0.011342796349105793
0,0.06560760990898397
0,0.6417055080598375
1,0.587801328273573
0,0.273919458172144
1,0.8223089272229565
0,0.4590760883594998
1,0.6560299465610496
0,0.16261799334745547
0,0.05834089977519625
0,0.13288406202447758
1,0.9091746229146945
1,0.858788829971807
0,0.08246166037336139
1,0.4664229640102038
1,0.47094716789652313
0,0.2726953182957902
0,0.12194934654529097
0,0.6288729084632751
0,0.16615164945511704
1,0.6618888317967184
1,0.6842394206369583
1,0.8866052212257709
0,0.15708430600883572
0,0.1715259081363479
1,0.7772495874290076
1,0.8540310871903386
1,0.9159099584516736
1,0.6102444630457959
1,0.9354939102255513
0,0.14458306359526668
0,0.30845617514471824
1,0.8613651931337473
1,0.6787292310820889
0,0.33146430252110337
0,0.06254404635378018
1,0.7398265336161686
0,0.1970514576270957
0,0.3796157039366646
0,0.29903494228983224
1,0.6466328471821
1,0.8426514914901903
0,0.23750382453856275
1,0.9604811640809335
0,0.13419859769548328
0,0.1669889185519811
1,0.9816713278112483
1,0.8984039763249533
1,0.5759835123674717
1,0.6898573389894809
0,0.2603940233933784
0,0.29954614557908504
0,0.08158250448837673
0,0.4575014118337859
0,0.044393755779135506
1,0.6000302967148168
0,0.43326379522389785
1,0.7738728374119445
1,0.8251141737693839
1,0.9501606288636169
0,0.1018250284336765
0,0.053547544272614676
0,0.24722181453578365
0,0.25855292690173975
1,0.7541648390871875
0,0.12221797622379835
0,0.08289013354265534
1,0.6894078534141964
0,0.516510889820281
1,0.6930658261978797
1,0.7811418260402981
1,0.805589521494533
0,0.19509240442237405
0,0.4329716379871453
1,0.8970591198129036
0,0.12463064584925745
1,0.8295113138577465
1,0.7527933744578894
1,0.770597529455039
0,0.0970766702948606
0,0.1485219897844515
1,0.8763968079471598
0,0.4244369090373433
0,0.17090025872065967
0,0.13856301044289615
1,0.8432220079816003
1,0.7191991520553449
0,0.4192571507928104
0,0.1298031368759929
1,0.8561239128628874
1,0.36374722667967935
0,0.3249035656565255
0,0.280739550029035
1,0.844771625194356
1,0.6824452823515198
1,0.7217989251944578
1,0.7801356463050945
0,0.11504146839977783
0,0.12131868562695802
1,0.9112976072448606
1,0.35319168235900034
1,0.9462533750508186
1,0.6123009768104027
0,0.32267634012970253
0,0.5371953067718584
1,0.9087253046403814
1,0.9009641730432563
1,0.6509713625031961
1,0.8228274877407178
1,0.4542110191573904
0,0.07527554283896098
0,0.4396599038423027
0,0.49936183780057525
0,0.2278058213131369
0,0.19477497577075986
0,0.16063670768128133
0,0.023086718024759898
0,0.4025887047003845
0,0.3342776054923667
0,0.13452970474157422
0,0.3154182437408804
1,0.6173854378110012
0,0.2533570525788436
0,0.3866822747532778
0,0.2780483109692444
1,0.8059247278280663
0,0.1621075572634588
1,0.9373312529898479
0,0.7603840784511966
0,0.14278487778612478
0,0.08588742505675376
0,0.4682376865970536
1,0.8277833062622875
1,0.7618827469412145
1,0.5987856460533673
0,0.09511393305146407
0,0.3663766965616028
1,0.5622800145369252
0,0.03950113196727133
0,0.14717599468094414
0,0.1930149105732304
0,0.3719778878909039
1,0.7392701487039673
1,0.8097105173628789
1,0.8285987896386592
0,0.32370616404507435
0,0.37043901416378877
0,0.3643283679655586
0,0.05363805026340545
0,0.2206682193796697
1,0.9227984707930939
1,0.8870482107105004
0,0.13815633132254793
1,0.9144965916106064
1,0.7309607226999009
0,0.33450473841000544
1,0.730904525305992
0,0.32687424634419865
0,0.30586825083996133
0,0.22030436348871768
1,0.6143586353736362
0,0.35307161060264897
0,0.18267458213476379
0,0.1494968772103866
0,0.2233763112998439
1,0.9452551345244194
1,0.8143531890909745
0,0.16593859375579023
0,0.1121525325650191
0,0.1821382053608725
0,0.3244299159620755
0,0.25678938993050915
0,0.14269731478644343
0,0.3295104336335464
1,0.8890909637205767
1,0.8674349260051273
0,0.7274781700746599
0,0.2717449405038232
1,0.8504119783676287
0,0.34526237988877734
1,0.5557408859032523
1,0.5196435078437627
0,0.3900584670410522
0,0.7644844620032555
1,0.8084890411528719
0,0.20192689719345236
0,0.28325744573192324
1,0.8504622796471288
0,0.23373591332834168
0,0.13764056669007702
1,0.984484855188425
0,0.18382877390568944
0,0.2827246273929311
1,0.698681045054673
0,0.08956093070227114
1,0.7447075587156287
1,0.8192726084645764
0,0.22221928047699036
0,0.1203925583536482
0,0.2219637860445177
0,0.12257349634221092
0,0.17661211793506076
1,0.6360264569636501
0,0.18004163664404876
0,0.1736854022097836
1,0.8890161900248654
0,0.07462498720402898
1,0.6772051001975309
0,0.14128389840507122
0,0.3744857018294774
1,0.8551953063352141
1,0.9284815729675773
1,0.6469960276990928
1,0.9252810275893355
1,0.7729685359331193
0,0.10126826481760881
0,0.07759559391371645
1,0.9607955096279259
1,0.673843659582878
1,0.7375035978642205
0,0.18146530699297345
0,0.24551298127460924
1,0.6061188318219843
0,0.3636847916783745
1,0.762758944225461
1,0.9664593848735062
0,0.12181682074235106
1,0.8436840997779308
1,0.6880888695858468
0,0.4333729712018905
1,0.9629552666138926
0,0.0031396479510067696
1,0.8203115612148713
0,0.19600895189999548
1,0.6862540882473235
0,0.18105523807379076
0,0.10316473468510243
1,0.727353186754428
0,0.3851511213607222
0,0.08243199310270838
1,0.9394990149842982
1,0.7691724202587374
0,0.22319089272352485
1,0.6211247885494894
0,0.18638762113259744
0,0.1409945634054921
0,0.26002094883367277
1,0.8470651515462667
1,0.7469556376867954
1,0.6002443652657903
1,0.7390212922779451
0,0.2911985642893613
0,0.09069506673972397
0,0.3295366506924511
0,0.056302705751636185
0,0.08750532855509646
1,0.7932383105008537
0,0.22296612138910152
0,0.2919152972949087
0,0.01992813763780521
1,0.7991158704441622
1,0.745993195006724
0,0.28195238177257337
0,0.22776147020607576
1,0.8466397720135338
0,0.24895430042414124
1,0.5696078282625057
1,0.6857987541153832
0,0.11216639987787833
0,0.15725114835869458
1,0.8441576547478659
0,0.05119080157835984
0,0.1215244359693199
1,0.7969131449297729
1,0.7672749038514716
1,0.564616795083797
1,0.6348121477083363
0,0.5628002981649665
0,0.4890222898518284
1,0.7585041061489978
0,0.12362277595984818
0,0.28311492532819593
1,0.7263320060008097
0,0.05465807260566165
0,0.06817674026501826
0,0.3175864151958868
0,0.07075175115571282
0,0.305909918286254
0,0.04658013282892292
0,0.45948287988359104
1,0.6913453058062105
1,0.4833834137748146
0,0.31771996316566314
1,0.8003983090043054
0,0.23666226068931703
0,0.13339483013356454
1,0.7785443865747261
0,0.17057742165551307
1,0.7333153766340251
0,0.2614951398240996
1,0.5270637473173821
0,0.34393097995614624
1,0.7328869486900156
0,0.03027038845072094
1,0.7965066797541946
0,0.2874405588626295
0,0.15148461052135703
1,0.6779443981596349
0,0.06806278821849807
1,0.6563472071416923
1,0.523364179084896
0,0.09306115049809954
1,0.6966234486082957
0,0.6497414311932935
1,0.9281584999432095
0,0.20410973290514034
0,0.4037899578022034
1,0.6954299954690053
1,0.9015427448080284
0,0.39015068814583204
1,0.9151785949290635
0,0.194123317148462
0,0.1558002943768502
0,0.144604937989164
0,0.09010550378118563
0,0.0781601138290792
0,0.19735554147245735
1,0.618239348256357
1,0.9038160077087993
1,0.4146386908364818
0,0.2723870334679484
0,0.10203457794705525
1,0.8172054798747966
1,0.7288413672423665
0,0.23473528028195514
1,0.7460609983333291
1,0.736479818158334
1,0.8668420540010677
1,0.843640122053824
1,0.927378122772779
0,0.12022723713712648
1,0.7948674956896384
1,0.8232344223645288
0,0.22044314342977422
0,0.4450633528769285
0,0.22761475296665065
1,0.8842801181781202
1,0.8103030855741681
0,0.24306494007583823
0,0.4706279425916964
0,0.04474382815485286
1,0.8711045148898929
1,0.7671926080796787
1,0.7790576963764494
0,0.06280127230022457
0,0.015421717577314158
0,0.4194446958182756
0,0.12161180985692795
1,0.8696654732737142
1,0.7171407388845412
1,0.9003071784335611
1,0.7703073530793063
0,0.18702676659902343
1,0.6319460091236909
1,0.6696811101786949
1,0.9050631273551151
0,0.22045632214040284
0,0.016572614262045298
0,0.728586241632152
1,0.943458890377662
1,0.736899101688313
0,0.057594927513753606
1,0.6916796352009988
1,0.7289076488013555
0,0.3344042854458838
0,0.17573199461655528
1,0.9846699076956312
0,0.16114138722293964
1,0.39346383444611827
0,0.08405686044447619
1,0.774490834909189
0,0.3695010660810374
0,0.5065426972601044
1,0.900661797557871
0,0.04667619785887171
0,0.07228814372739675
0,0.04517657451126777
1,0.621971104067144
1,0.5526427539043864
1,0.8346288064671055
0,0.3056989259574102
0,0.09344988002961103
0,0.255893818103453
0,0.3406615913690819
0,0.17389731295965147
0,0.38773126077915676
0,0.2631544887886545
1,0.5800778047833077
0,0.17335190132201836
0,0.13840197567278317
1,0.8739561667876079
0,0.2862607447343962
1,0.8828423993493542
1,0.591013799611352
1,0.7085517201745065
0,0.1082877434510593
1,0.6764468082917462
0,0.08012339167665193
0,0.07523795026572769
0,0.18106628944915848
1,0.8528292135526134
0,0.14683040061702354
0,0.17942101453762369
1,0.5844380150838832
0,0.19977923295346034
0,0.7762649778929904
0,0.3936239603390947
0,0.1786297926930454
0,0.40710944175471614
0,0.21133278228599425
1,0.7669911521367946
0,0.6247621488084916
0,0.3192837763540442
1,0.5591388069754301
0,0.27492848019447264
1,0.6196645416519501
0,0.20828596421331824
0,0.08476374964654726
0,0.2442463511947864
0,0.43316789296091607
0,0.26596984490427217
0,0.1691893395560777
0,0.14245189982779072
0,0.4448732542723181
0,0.2552240219842372
0,0.40027466137879
0,0.31800100728846437
0,0.17811834848105204
1,0.9483456306086948
0,0.4735570118055506
1,0.813289934258006
1,0.7144920741177411
0,0.12835332779674696
1,0.3449578602390871
1,0.7713694499107407
0,0.17002971763943503
0,0.34667178433391854
1,0.8142917126930042
1,0.7521590591823084
0,0.3859148336110619
0,0.23875381173892765
0,0.210041165173405
0,0.28634986267127127
1,0.733001126392122
0,0.19595443017763875
0,0.038985963569927576
1,0.8857466629540417
0,0.07177369150390718
0,0.32163530053548967
1,0.476650289088288
1,0.7722323908514438
0,0.22944316047675622
0,0.17670039964377787
0,0.15717484177398483
0,0.5680227715939696
0,0.30827046639961414
0,0.04015745884439953
0,0.3676582445291307
0,0.32590489330842903
0,0.23690787441296426
0,0.14534454105382258
0,0.3079569394974812
0,0.2328084473466088
0,0.3413120014299434
1,0.5719981404816108
0,0.13406710053612353
1,0.5966623869975813
1,0.7518103254047135
0,0.16337905158915142
0,0.247134732361066
0,0.1182101998027787
0,0.21461931840558143
1,0.8676382517303521
0,0.2766449824807013
0,0.14025669750173542
0,0.011338669882248006
0,0.2201274882100905
1,0.31720327549565935
0,0.09064462447376875
0,0.2202343892165266
1,0.8986866915068586
1,0.5663381154642213
0,0.3418346760316053
0,0.18096774248475228
0,0.28497750025781793
0,0.3966745430234643
0,0.012547259801622855
0,0.23640499630250011
0,0.5189062111816568
0,0.3947459496009384
1,0.5494690407316191
0,0.24487059502792446
0,0.5615592271424926
0,0.15142719783477135
1,0.9243141744099025
0,0.23050979972395874
0,0.1591355631459131
1,0.9645339984640193
1,0.9130278448620498
1,0.56152493158967
0,0.4160660492653152
0,0.0039027763460486656
1,0.758540962796721
1,0.735361359328845
0,0.156340387113663
0,0.21937664927974188
0,0.1470663471961188
1,0.7357945531578669
0,0.31725282726696374
0,0.19442413622689506
0,0.4999045834694247
0,0.20478481834139006
0,0.17043967751648303
0,0.6327797791007886
1,0.8843646280572666
0,0.3066741162666645
0,0.7062006259485925
0,0.46824920483070104
0,0.32748208038738663
0,0.07321648441446549
0,0.3071422105218596
0,0.10837158246416931
0,0.4276627269550554
0,0.4539386464366749
1,0.22021529847434854
0,0.1365054046098558
1,0.9241846953475211
0,0.06919461998175391
1,0.715585179384226
1,0.752794979713001
0,0.17987885706164114
0,0.06454799809717834
0,0.22504292033438114
0,0.09740960812892833
1,0.7659406284963336
1,0.8723702147391638
1,0.730732124162355
0,0.14160071673774258
1,0.7298355964271847
1,0.8558184545429023
0,0.2740674011730045
0,0.12805864004501816
1,0.7806969029541837
0,0.23240893940118623
1,0.6664448004574539
0,0.5098658050791762
1,0.37733749482419776
0,0.3212163251113757
0,0.2594301290230138
0,0.5873472015001586
1,0.8499296399894379
1,0.9744847419658601
0,0.1736370622684263
0,0.4953065476821839
1,0.9673937109488182
0,0.13997693162035169
1,0.8489024634335873
0,0.03134918638138894
0,0.0800901693838576
0,0.4013196022057048
0,0.10516601678796007
1,0.6713256417002096
0,0.2113806071951643
0,0.34529633532780946
1,0.6186678465148738
0,0.15035044898649233
0,0.029113546848290688
1,0.9674179445507707
1,0.8021914384191933
0,0.17722321725267834
1,0.8926931047955783
1,0.7478544500763988
0,0.2494471356406571
0,0.12061827406743941
1,0.8330708465804822
1,0.8734274603971481
0,0.34725658290828554
1,0.8352096633709976
1,0.7221738763768472
0,0.3202002416426541
0,0.1093009619309446
0,0.10683600912178277
1,0.7738309960836164
0,0.0675412336781483
0,0.26815194544857124
1,0.5095706810973646
1,0.8576705203616758
0,0.11438983781208047
1,0.7515347645518567
0,0.25007395005462635
1,0.8071912030344432
0,0.40891712010281017
0,0.3550463943136556
1,0.6180703666215044
0,0.5431730560221602
0,0.45608478291315646
1,0.8771371159404152
1,0.752978314988255
1,0.7963373446732577
1,0.877244129050664
0,0.06680965050864258
0,0.285831938730025
0,0.3533341284966462
0,0.26982102018884957
1,0.934956997907778
0,0.6689778348346367
0,0.722624394748312
0,0.2911857776405907
1,0.9052292877454065
0,0.09837353909193028
0,0.10845194199683078
0,0.1358543579474194
1,0.7516334961654957
0,0.7211140547787861
1,0.6426074272019621
1,0.8292193091709534
0,0.3437493447735903
1,0.560284715281825
1,0.6555438485363059
1,0.9017451614665655
0,0.27917579493891065
0,0.1671555275487329
1,0.789730003843931
0,0.11443563714599116
1,0.6615566923483325
1,0.9509680614249364
1,0.2201777604211718
0,0.3320833396595924
0,0.2018379566639741
1,0.8503400785061392
1,0.7273419271182158
0,0.2039006365188543
1,0.7343601284341114
1,0.8646252601368155
0,0.10469647122664723
0,0.08910649870461734
0,0.12106460414292429
0,0.25402602950449865
0,0.35684851216376595
1,0.6899955946682144
0,0.0807186876029036
0,0.13705972456958065
0,0.4898285029063112
0,0.11617223373709108
1,0.7862066243640675
0,0.13111234344903813
0,0.1382371702734946
1,0.9236402465911407
0,0.35977331001463747
0,0.10177126167487131
0,0.045339073829980654
0,0.24324176081775756
0,0.2104458668009799
0,0.25567524429609767
0,0.1027940195724026
1,0.38043882367653514
0,0.12286599712579808
0,0.21166694695259514
1,0.9830144661580382
0,0.7083283015666106
1,0.6572722103281288
0,0.0927748109493987
1,0.7094392780485985
0,0.3946620245036535
0,0.44238169668122596
0,0.22777077226261436
1,0.81198524688519
0,0.07930280710882188
0,0.1603981073090749
0,0.06316348370860779
1,0.9650530759490836
0,0.11292498834717837
1,0.6939286745951515
0,0.13958995799403354
0,0.16493267049836643
0,0.29453249731373027
0,0.15821805262498417
0,0.07488786510216769
0,0.44772628254164326
1,0.9255930562318574
0,0.21535132976762908
0,0.20766748660539433
0,0.4659277976882669
0,0.15655371659735082
0,0.1759891863167776
0,0.2839798834562757
0,0.18672953397440376
1,0.9149732326826243
1,0.8459674504608923
0,0.32962688139632895
0,0.1071623200279769
1,0.8095526044538669
0,0.40806097390193685
0,0.28578901750519503
0,0.22337097254725538
1,0.8665994826510147
1,0.7161139791253349
0,0.1796448362505629
0,0.11059507563533173
0,0.2323223486257006
1,0.8984744582714489
0,0.10106381856466606
0,0.1957674045653813
1,0.7214140724193431
0,0.09804329656925298
1,0.7944749110973227
0,0.08536179555790308
0,0.2743027125955898
0,0.28266526673330444
1,0.6377780396170735
1,0.7815520857761203
1,0.9272927891619431
0,0.02539848569423931
1,0.7583294516734653
0,0.45963277972481104
0,0.2699435262849636
1,0.9466546847495617
0,0.4309255931351355
0,0.3575869848952972
0,0.2573710557483461
0,0.30459948234009776
0,0.10717949248193279
0,0.17840009734761236
0,0.4237409037119194
1,0.9428051004044203
1,0.7614132376307793
0,0.18788526598181673
0,0.10756779744978445
0,0.3011194892592768
0,0.0252509021924522
0,0.1154104895143589
1,0.8133700508490477
0,0.2451682715116316
0,0.1913606533533221
0,0.182124115174887
0,0.05603134707038952
1,0.9155930535220242
1,0.8242876122373953
0,0.25364770771077516
1,0.932255272908977
0,0.3264875283667261
1,0.9351375576707512
1,0.8625124404355797
0,0.16203962798818752
0,0.3717380504802346
0,0.18368488988678874
0,0.096277547719309
1,0.9549729017538298
0,0.15326701981003787
0,0.24862906001199198
1,0.7639198891678912
1,0.9169411382761616
0,0.1304979270516247
0,0.024001799331882106
0,0.27019540238663187
0,0.2855257855436024
1,0.6736449030831546
0,0.15316689159222194
0,0.06034594690048955
0,0.33864972206188904
0,0.06302538030713276
1,0.8418650015888666
1,0.8869655713603846
0,0.18871195617632988
0,0.4969317279171371
0,0.014803711045342557
1,0.33248599468427037
1,0.7863649015965369
0,0.40058704042661286
1,0.907538391691
1,0.7488044879057506
0,0.17465827282162377
1,0.9455490268581793
0,0.12329674055319999
0,0.34949474772565875
0,0.24555224490540764
0,0.47669151710250174
0,0.0578186316181522
1,0.5010290147524898
0,0.1617020463116569
1,0.7463377001263564
0,0.3345234587166682
0,0.10347970255685583
0,0.031857395137684624
0,0.5698795120746296
1,0.7027274711201086
0,0.35129809210444085
0,0.08644374973253822
0,0.16779964846841036
1,0.37222604860895625
1,0.9543911220757082
1,0.702976732015624
0,0.050082246812747915
0,0.434717813490688
0,0.16355039568135474
0,0.49789690037381806
0,0.23265956928331608
0,0.19852205403059753
0,0.3501529699459132
0,0.10914862053696457
1,0.6694814083271656
0,0.23649072588424377
0,0.3129438177931722
1,0.8097823535362783
0,0.03475640544310302
1,0.9220981591458502
0,0.16202332457894245
0,0.20869831277529188
1,0.7802401239481871
1,0.7566241864180798
1,0.7697405073263164
0,0.3570823583322806
0,0.08933893199788265
0,0.15825722637513737
0,0.0888758500412196
1,0.8580471415379457
0,0.21039550716762676
1,0.7281472811862316
0,0.2364491200716485
0,0.23274921510129828
0,0.09499888628736723
1,0.24354580684940494
1,0.5989957610710608
1,0.6211478844504881
1,0.692955299511508
1,0.8813819959012273
1,0.9648902870803614
0,0.19924392214808534
0,0.7277398189766345
0,0.22090379485959247
1,0.7505889195363115
1,0.6614062312865877
0,0.24421308962758903
1,0.5115482826064787
1,0.9141258598588199
0,0.21351671398545333
0,0.09619812010210485
1,0.49450969851811627
0,0.24583666808512095
1,0.8521140093980516
0,0.27480039520381616
1,0.8078311426988503
1,0.890000206285503
1,0.3585701853383238
0,0.20753547438290085
1,0.9037479423189948
1,0.5754663396745984
0,0.059656498123873004
1,0.8741878369550125
0,0.10209797206598047
0,0.3786006015863858
0,0.09714399923609371
0,0.07780548241756298
0,0.16719290523413777
1,0.8259076770426333
0,0.12080569175379129
1,0.875537625709801
0,0.11420707539340447
0,0.13691768614214062
0,0.05830500310184241
1,0.9297093624253981
0,0.32602442809094706
1,0.7339224636904332
1,0.9665693669656499
1,0.6633256412429749
0,0.1354480776476197
0,0.1242652868295318
1,0.6532256624326165
0,0.09619106836481832
1,0.9780846868225342
0,0.2521873580715667
1,0.6599770456499326
1,0.8137967724220165
1,0.7826570378654872
0,0.2905089331550885
1,0.5397614998827434
0,0.08642332176901207
0,0.20703085683842587
1,0.8888632417344351
1,0.4821418167757445
1,0.8426466035512392
1,0.9581735198985435
0,0.019745849030716318
0,0.3386090094030879
1,0.9757481773958535
0,0.20515869288392335
0,0.341716010799585
0,0.4025260042047935
0,0.1774310296082396
0,0.33292051903941294
0,0.05656223641105859
0,0.14069383406258712
0,0.2521302551350969
1,0.6281341947356843
0,0.12768589765214952
0,0.11580822156596769
1,0.89157227408504
0,0.22041234863759948
1,0.22194476024942403
1,0.42330133258976077
0,0.1049437996438285
0,0.1686618345960428
1,0.9772253836313424
1,0.8378622369165574
0,0.24177379550698136
1,0.7892765040699694
0,0.4660626945305111
1,0.8482418255774031
0,0.19632011158809892
1,0.8681085990287338
1,0.8086886303026699
1,0.9662561549342873
0,0.3982950233290052
0,0.0746783249400973
0,0.3302620641260713
0,0.14988990595892662
0,0.2007543306531481
1,0.9056336594477514
0,0.16843777519567393
0,0.1380350639130235
1,0.6144674215006324
1,0.8311273678856714
1,0.7745278385887959
1,0.7114884438188506
0,0.27800470047981646
0,0.09376031600592491
1,0.7028191264062059
1,0.9410216942669898
0,0.15510315139798417
1,0.6468059391213277
0,0.16547783575047914
0,0.31691700317331556
0,0.17994592425718947
0,0.11625743486379726
0,0.3633571388556853
0,0.42519423250244626
1,0.6919455616952477
0,0.1015269442308384
0,0.2737461259480849
1,0.7491147415131294
1,0.6528481949703879
1,0.7608267386895156
1,0.6234287656150956
1,0.8445477702065087
0,0.19930450680106618
0,0.29685264238271203
0,0.43831193136277924
0,0.097098951483429
0,0.0878307675128935
1,0.6373163925279743
0,0.14803164009425063
0,0.35279428731340623
0,0.479084791167676
1,0.7771830344427754
0,0.13040384652961737
1,0.35582083746772936
0,0.25948388356707264
0,0.32187375562064685
0,0.23915853330335604
1,0.43537274249546726
0,0.0540738042151514
1,0.6366202437548857
0,0.10944973339283538
0,0.22868032962212162
1,0.7277393448627449
1,0.9211256700756393
1,0.8662664689538
1,0.7119153490167833
1,0.871839847120713
1,0.8203286443814904
1,0.9132366760479458
1,0.8033739240542421
1,0.8539370228908486
1,0.5274093234037723
1,0.9118739947318442
0,0.22055114366072848
1,0.8709797807413052
1,0.6615325406353536
0,0.3265913148055485
1,0.5834782688075416
0,0.14470265578689082
0,0.2887677520810865
1,0.9046490723543772
0,0.10611012829703123
1,0.7353645547051483
1,0.8436010514636805
0,0.3714637550850903
0,0.3666086623226618
0,0.28618995825895305
1,0.8099685567224335
1,0.2268914081534129
1,0.531261815171923
0,0.051828318367606784
1,0.7258528595397649
0,0.11414597786611588
1,0.6216103066692663
0,0.10154283579428995
1,0.6326674725456639
0,0.6672024390544115
1,0.8644836298413552
0,0.05542352811458109
1,0.94503137593187
1,0.6326873219311143
0,0.06332160516638975
1,0.3986143416312628
1,0.9328048540497155
0,0.34182304815692716
0,0.12195804608238027
1,0.9233167691388342
0,0.023215497263183657
0,0.2704186679145108
0,0.16532866651064426
1,0.8476441119543311
0,0.11882169667073643
1,0.9380455066274321
1,0.6926732393933815
1,0.9560142495030343
1,0.9052983730665666
0,0.1115002761604926
1,0.4918512361175179
0,0.1476764842762837
0,0.13110768725636923
0,0.4702474897711835
0,0.27203294360404273
1,0.8890171717566081
1,0.9326315744462194
0,0.277611263780546
0,0.2749001433650359
1,0.8197780505293862
0,0.43955252922844296
0,0.5309699099182007
0,0.05105634513990066
1,0.9484884173588405
1,0.587698891286969
0,0.2154933132927077
0,0.09126455506869882
1,0.7118526841070978
1,0.43819611210477594
0,0.3711780744866224
1,0.8820798678485898
0,0.5200429734353468
0,0.3654182186654435
1,0.48055676414538884
0,0.42797112156375045
1,0.7367168469794637
0,0.2473842948768672
0,0.07762700805133038
1,0.3895834157868994
0,0.10442607889897955
1,0.6715292985460853
0,0.7359745747894351
0,0.1635671240289472
0,0.46959631622444825
1,0.7662155002786922
0,0.15604812410978766
1,0.7313306937258716
0,0.342126453899612
1,0.9686251751914225
0,0.24769453124995253
1,0.9188056693526895
1,0.5954847572053018
1,0.7642041267252091
1,0.6302736085425831
1,0.8624641381627335
1,0.7093494495958138
0,0.24189035251838503
0,0.3586879239898443
1,0.956148476032381
1,0.9339889864966389
1,0.482161646617144
0,0.37784419603561953
0,0.20931699039132576
0,0.2363813240769445
1,0.8896387998655686
0,0.07802101226999489
0,0.2851310604716056
0,0.12258610263093554
0,0.07170883904361444
0,0.3311256197768884
0,0.337007943736487
1,0.31630166192481446
0,0.1775569638377885
0,0.4825713614250038
0,0.18663314638091413
0,0.4455632219931029
0,0.3982872769433313
0,0.14564591017151074
1,0.7093868547152796
0,0.23328877699661255
1,0.9436918915104133
1,0.8623409510468799
1,0.7901543608058633
0,0.2435642411813283
0,0.16839160101944023
0,0.47168611620933865
0,0.15714741411422595
1,0.9231296244775136
0,0.26877831251282497
0,0.3546399325744759
1,0.8815398852226193
1,0.627505703093018
0,0.4507256532414894
0,0.007077715399276242
0,0.1846556256468537
0,0.19946753347506405
0,0.34530926591409045
0,0.14647907317749362
0,0.3196084122306456
0,0.2267238261659596
0,0.29454750568973853
0,0.3625138734388647
0,0.2935708265870378
1,0.9025209581732755
1,0.8572628637441968
0,0.12820360092740957
0,0.10209384496762182
0,0.3017482971907795
1,0.6855977228017784
1,0.4881752837316943
0,0.6771464655799666
1,0.9593561774201789
0,0.10388801277839411
0,0.16407681979027616
1,0.7384618480912283
1,0.7988543434404639
1,0.6719097505951214
1,0.7615359284908491
0,0.3360146979766037
1,0.6970887768222302
0,0.2464314763558635
1,0.6120735297330996
0,0.10913212765126733
1,0.5989399670855321
0,0.1928209885842271
1,0.7250707128985393
0,0.021052558918386626
1,0.7920719735457734
0,0.05895686656449286
0,0.7365928837377375
0,0.3649571568619569
0,0.2333661452876157
1,0.8578120612135214
0,0.16286903141837109
1,0.8816975112772576
0,0.10325570103300045
0,0.19231114389899265
1,0.5894291252241888
1,0.9623940168326393
0,0.026613099928223274
0,0.052565063503179556
1,0.6667466632774296
0,0.37151069610549725
1,0.8074392398554208
1,0.638760229801531
1,0.8406236413802474
0,0.6244259588521428
1,0.7823582458888984
0,0.3107388538683787
0,0.331829536776719
0,0.1196207778232601
0,0.6527145901837202
1,0.7942496044405672
1,0.8375217657915945
1,0.7649905679894049
0,0.16778601848703892
0,0.10431183965285318
0,0.1155254155144012
1,0.8697962878896459
0,0.1826801836832801
1,0.8495766044713275
0,0.008008361377301902
0,0.13706646283183785
1,0.9483248074735333
0,0.3903205923064585
1,0.7216258526753968
1,0.38301535305576123
0,0.055121879305480265
0,0.23870701886274337
0,0.057024239480867996
1,0.808035430417027
0,0.22567336579568997
1,0.5337292495105072
1,0.7446429864214676
1,0.9795192067785424
0,0.15129387049963816
1,0.6587562292909936
1,0.7793187517700866
0,0.24509486485575901
0,0.4872859808916565
1,0.8786543431237364
0,0.3272110808807355
1,0.48274971263362926
0,0.1276128416348393
0,0.41239244031454314
1,0.7869999644193897
0,0.12092745734487222
0,0.16174461690007969
0,0.24205389000591154
0,0.0933993335163269
0,0.19928819866476974
0,0.042219379142252794
1,0.8043698392617904
0,0.13985823155756602
1,0.9324482101309659
0,0.13311198123794207
1,0.591879936405088
0,0.6513483202683099
1,0.6474610916664325
0,0.530607430309746
0,0.15668831188827226
0,0.3998634160109772
0,0.15297412241877373
0,0.40325383644814766
0,0.09431490393861874
1,0.919307265592913
0,0.1736978751337855
0,0.06764225928170912
1,0.956858654724435
1,0.7136147264575871
0,0.22248480208495247
0,0.30084790643151604
0,0.06351248645198147
1,0.5350049936702472
1,0.96711476080797
0,0.7188947709825237
1,0.5921623470207367
1,0.8684810595334665
0,0.13175603897955662
1,0.7791477413895266
0,0.1344768518573285
0,0.3544945914409993
0,0.25790376843745266
0,0.07774057443795829
0,0.04227631709749729
1,0.90252478046455
0,0.6243906784557425
0,0.16490012383459754
0,0.20392368518793225
1,0.8070812176546599
0,0.26432056353668953
0,0.15195778101544175
0,0.2977427095651969
0,0.19328179694420566
1,0.7700852077552442
1,0.897060011515406
0,0.14781843679209455
1,0.7277244970430953
1,0.8734000543549172
1,0.9136800840420364
0,0.42294057919221967
0,0.3659966363489421
0,0.34614266988543024
1,0.702018721515427
0,0.09697012203056164
0,0.04967572404076368
0,0.2692449216300654
1,0.8082353834800545
0,0.048406713151247845
1,0.856544232433838
1,0.6490787575766056
0,0.3892278448546109
1,0.3184262245497411
0,0.1724944194308754
1,0.9757449283442124
0,0.15957469461139479
1,0.9754477768110896
1,0.5711606642909808
1,0.6678296296093872
1,0.7112560866835163
0,0.21879568013767872
1,0.7351267426881853
1,0.5343262421521585
0,0.5069996756168095
0,0.13801792802648533
1,0.83793496478194
1,0.826893491286971
1,0.9280520163335035
0,0.02878271264510249
1,0.816556239064492
0,0.2234999389463571
1,0.74213634786898
0,0.10169012284407844
1,0.7985062705731527
1,0.5255386496355996
0,0.09152057270789689
1,0.9578525426388217
0,0.10878941663088369
1,0.5760779197893353
1,0.62501374996506
0,0.4330682817315676
1,0.9229330139965406
1,0.7434988431587017
0,0.09122504387983121
0,0.28467872114133475
1,0.7755450719744628
1,0.4022613682269742
1,0.4529100541829367
1,0.6297688043851346
0,0.17763774879236532
1,0.8442173911786165
0,0.14252354100864179
0,0.7356365169178136
0,0.08382800334734164
0,0.47239028865510874
0,0.43657928711603783
0,0.3148958938359261
1,0.9191279294136557
0,0.08496582314416462
0,0.2782219031064302
0,0.23373012610498292
0,0.2955368613048075
0,0.02541232856797599
0,0.12498166172890612
1,0.7901353974081051
1,0.5681714737814655
1,0.9002115704315509
0,0.32853179364726165
0,0.19152507645780553
1,0.6864033843195421
0,0.08850363101619638
0,0.353752440651958
0,0.180576497182295
0,0.6224819933369107
0,0.20805481279395252
0,0.030711545628969564
0,0.2118971718919735
0,0.14160402502298855
1,0.7484424477783728
1,0.7627598950493175
1,0.5628281195994914
1,0.8391335658181928
1,0.8386514580828817
0,0.17503959169066016
0,0.2460007371039782
0,0.18557599793188986
1,0.9017697414890378
1,0.5330901943119869
0,0.5294035083719986
1,0.6129846973570737
0,0.13025413748394543
1,0.6727010074972303
0,0.14035978077243172
0,0.24103461035295654
0,0.021232365176531855
0,0.352635629184864
0,0.24154609048213485
0,0.12088106611224256
1,0.20698117181462186
0,0.3200681946422971
0,0.23292303050542895
1,0.7344787076105148
1,0.6244132181618224
0,0.46143812080191393
0,0.18512786479151322
0,0.20592990774751907
0,0.17855968055688612
1,0.9659656781749096
0,0.24996703873864232
0,0.15027367367124922
1,0.4685669892626134
0,0.2077070529384624
0,0.7557202717401114
0,0.19310292904555487
1,0.8425332271589294
0,0.2013919563249258
1,0.8828295658206106
0,0.37738906598390226
0,0.038739245294229396
1,0.6589425179938535
1,0.864828573357241
1,0.6987162824392744
1,0.7039601244870306
1,0.8810525406118809
0,0.13344103684812583
0,0.21574635270813308
1,0.2243503995295357
0,0.08586906640944049
1,0.7704401411051379
1,0.8663346989151655
0,0.14043909986239417
0,0.26585962577814887
1,0.8005842166024167
0,0.037647824679698225
1,0.516520124969786
0,0.08012006738922844
1,0.533772208594608
0,0.6012505811340823
1,0.9173203079305285
0,0.18086721199086786
0,0.18675298820748004
0,0.15473500435909357
1,0.881487465684552
1,0.8293091009666598
0,0.18472503404940271
0,0.30226196545582795
0,0.18118049186044646
1,0.4205151684849136
1,0.8870651695617198
0,0.22500209923684142
0,0.30872757321545474
0,0.28783498325219237
0,0.33903821756770053
0,0.08998331324662044
1,0.5405480522710161
0,0.4652984702808929
1,0.74235379350085
0,0.004306977559066908
0,0.2448534614718817
1,0.5823931030590553
1,0.7215707308167123
1,0.6924575406675687
0,0.1264413468115136
0,0.4135186200664675
1,0.5419213233125355
0,0.2922091444304007
0,0.21387371308089953
0,0.07492482043992785
0,0.3646131347402341
1,0.821901581329685
0,0.05064236155707779
0,0.751318786802826
0,0.12671247822900145
0,0.4382758884164803
0,0.3306185127204465
0,0.22077303317842195
0,0.2160071752212188
1,0.9467988665532908
0,0.16117930023617819
0,0.026639260769564882
1,0.768496516455669
1,0.8567793650702885
0,0.1243873217445732
0,0.16632300809093487
0,0.2069371180160891
1,0.5727486702602598
1,0.8765024345691101
1,0.8348063412666108
0,0.4858135495597322
1,0.8800408652153474
0,0.20101244351723543
0,0.10122441659477599
0,0.2479137141510544
1,0.8833748040767457
0,0.07715322401146202
1,0.7592935981918166
0,0.37414631515216046
0,0.2751458705492436
0,0.24655629197805826
0,0.16744179019981645
1,0.9255339757576885
0,0.11045305179012622
1,0.8703356961355458
1,0.7621802871623466
1,0.6419032955973899
0,0.16853916369121533
0,0.678909560620923
0,0.24048898601528215
1,0.8771866573612553
1,0.607352920810636
0,0.2799555718902899
1,0.883796077833558
0,0.15048230362447848
1,0.8695248457980019
0,0.2832167097805198
1,0.8134974611340359
0,0.26173613198035695
1,0.9007635165872474
1,0.9653005300010881
1,0.8852361476849584
0,0.37121408744765083
0,0.31634621650378847
0,0.20127793817846096
0,0.13059179745049204
0,0.28250286919874873
1,0.6862701189593765
0,0.27468744343558177
0,0.14236028729729247
0,0.29144070223582025
0,0.11268109599486806
1,0.852989288418478
0,0.41006406336557466
1,0.9156648309975488
0,0.08434403271316052
1,0.27753198011175984
1,0.926995817007568
0,0.30346464968209824
1,0.9128573317084273
0,0.23884581965107154
1,0.761055910426405
0,0.0750553678475161
1,0.8530520411298115
1,0.8937999769372331
1,0.7816524523381465
1,0.7983019453829927
0,0.1428027910509134
0,0.1323267659520975
0,0.23262843599778157
0,0.19517875676294327
1,0.5910933824284006
0,0.3949335471527953
1,0.9716372894295536
1,0.6825539253692272
1,0.8866929859310163
0,0.08948378069038013
1,0.6397981523035278
1,0.3795691919109461
0,0.16719561177558176
1,0.8359353256541081
1,0.7543366045434211
0,0.17718977637103261
0,0.3384508157975648
0,0.2628360134524155
0,0.11876954731361962
0,0.30068670513531837
0,0.1886940436590411
0,0.48112186979241905
0,0.20218556891338665
1,0.606992960403584
0,0.127311135577157
1,0.8654831130949512
0,0.3606773681919526
0,0.1530817887786798
0,0.08147098839938009
0,0.10930632309086002
0,0.05159603086507948
1,0.855785768483483
0,0.09237280803073827
1,0.7458464519158511
1,0.7401110541764474
0,0.7433674413467806
0,0.31787380859322295
1,0.8745744634510281
0,0.38949906032922893
0,0.19785139685361475
1,0.2432981134532235
0,0.38182919162168205
1,0.6984559592499571
1,0.7821551225657852
0,0.3182380759033188
0,0.21116358448596162
0,0.44076875462505755
0,0.2338043331152496
0,0.15443433156783523
1,0.7800675105931439
0,0.19741104581316574
0,0.37807008186069485
1,0.7732603160380715
1,0.859816093665508
1,0.8682069337385642
0,0.24026265844835618
1,0.810510616284141
0,0.2501855892251737
0,0.13422631953644293
0,0.1942339121438057
1,0.5434099392947143
0,0.45996271277011047
0,0.14344178115558454
0,0.3591957901851437
0,0.31899418377189404
1,0.9505334551210872
1,0.6282465751855868
1,0.6654655845617368
0,0.24599843942516264
0,0.1915951833741898
0,0.3701455606781357
0,0.16362198622593682
0,0.221438156720827
1,0.9157979634947923
0,0.19262369936784535
0,0.21837936633488067
0,0.1261764141374577
0,0.6260378698401604
0,0.14968157483928493
1,0.8666057360972431
1,0.8331079867834101
1,0.8571177541989776
0,0.18045963343340388
0,0.48432646732776047
0,0.46231502005029057
0,0.19823005488323744
1,0.7081461822577962
0,0.6292585614027781
0,0.7212837874997723
0,0.3653544211436899
0,0.18761592775788724
1,0.7325741324669949
0,0.2669482960893047
0,0.2301471419976235
0,0.2377071047994961
0,0.08841424004657819
1,0.8880277588985934
1,0.8156066097318189
1,0.7646346738495297
1,0.6138454596245345
0,0.11845818534173912
1,0.5414119322806049
0,0.29680413245352816
0,0.20398772003971477
1,0.8629902383857166
0,0.7622815005401313
1,0.9036935545578292
0,0.22964942772481606
1,0.8072360756723072
1,0.6352021547003486
1,0.7998831269188637
1,0.8486988554090215
1,0.8079862826581026
0,0.05285145839070658
0,0.07889672328770155
0,0.09466854399765737
1,0.5038792558643248
0,0.09813289015815081
1,0.8103515379290283
0,0.26556526596690516
0,0.0667653733608912
1,0.835152609075059
0,0.2293562880896305
0,0.30219571048198857
0,0.03832538025612255
1,0.7619667877489376
1,0.8447987133198879
0,0.17032638021235164
0,0.13450940796670777
0,0.08369728688207059
1,0.6418743629307548
1,0.8792727936007089
0,0.06620756038002212
0,0.09683439439745346
0,0.2643033200953451
1,0.7014584847548364
1,0.9547702992676569
0,0.1521844747100731
0,0.2004354572419061
0,0.10852139644537755
1,0.29728516700521435
0,0.25484957643686035
1,0.9275350222454128
1,0.7019545069338656
0,0.14026595917570625
0,0.08214463277735529
0,0.16517702157928846
1,0.8580242495624255
1,0.8759024711326331
1,0.9357861093513288
0,0.30624373818500567
0,0.13941250811563954
1,0.24812703987941206
1,0.7629115779226271
0,0.2953888452848938
1,0.6071759752947168
1,0.8662719193716442
0,0.19132214169517003
1,0.7578893335729795
1,0.8751495466929988
1,0.67694612895076
0,0.48392642818731574
0,0.1810231837095253
1,0.9593106642221185
0,0.2354898607156105
0,0.13029231672356853
0,0.269741363092219
0,0.23852614814169834
1,0.4679081601603634
1,0.9655948744985696
0,0.2781497000428463
0,0.41539834980277174
0,0.2276199750242532
1,0.6053039362335408
1,0.8482463093257289
0,0.21726661453780388
1,0.6199326341014373
1,0.7421423043984517
1,0.7989501008453517
1,0.9347175934652426
0,0.038769446866186184
1,0.8160706574216146
0,0.45029590387650925
1,0.5646289682157638
1,0.9974364525886805
1,0.9141501552267347
1,0.49928004550110483
0,0.24154792550258303
0,0.12893761506968318
1,0.7285486960161495
1,0.7558575259740956
0,0.0315761962479948
0,0.04398173809497144
0,0.2561218842641119
1,0.8110286163280672
1,0.7222221534624063
0,0.19511074485985716
0,0.12229819425725333
1,0.8137774983012632
1,0.8290695518774879
0,0.6708810365108754
0,0.1402745993377034
0,0.06652613747407989
0,0.40393743877443206
0,0.165218821412357
1,0.7653649202165841
1,0.7885110361363602
1,0.8851624239076339
1,0.814254121996916
0,0.2880584579031435
0,0.14656243381005038
0,0.38401604467914485
0,0.25949872454661616
1,0.603214372043584
1,0.8411447167312683
0,0.16373036353252848
0,0.6468051979998293
1,0.7622200019285701
0,0.07997709410284756
0,0.12094164507222065
1,0.830477873070667
1,0.6987494443100175
0,0.28240288243862327
0,0.04662299473796806
1,0.6465030756695372
0,0.2073157733819852
0,0.7762933529759113
1,0.9004987926026508
0,0.10034612501857271
1,0.8248891918725092
0,0.06531797555762382
1,0.49991425492705305
0,0.35684736717242294
0,0.18990498931425043
0,0.12039510239790503
0,0.3090126855466215
1,0.9684347576918187
1,0.7831780868836775
0,0.39522337170055893
0,0.3363833032266062
1,0.8589256977455091
1,0.6839073956615312
0,0.5721488921987672
0,0.0705651908311356
0,0.41966403398913266
1,0.7242653526803425
0,0.1382629208504034
1,0.535485021431559
0,0.16108681069561756
1,0.8284973505936553
0,0.3744765365918394
0,0.17607001064476496
0,0.3098785197896668
1,0.6302987226133913
0,0.25625972265469016
0,0.11859083869139485
0,0.14817625501136564
0,0.0874673723861835
1,0.8311368671899564
1,0.6369040094761782
1,0.8275641424637189
0,0.014741162407841622
1,0.965069470338385
0,0.1792911040665223
0,0.27592691489835275
0,0.015235921574429434
0,0.03750725045341984
1,0.9328224672749915
1,0.5219902502694509
1,0.8577806064640886
0,0.37398379042209123
0,0.09344618614659517
0,0.6366048124052536
0,0.10587177320748783
0,0.18038760498710357
0,0.07469092451446371
0,0.49132969704429874
0,0.22022175008620337
1,0.7317684984152824
1,0.5294888785644432
1,0.720477420950122
1,0.6318234459138011
0,0.07764269904564362
1,0.7073928425685856
1,0.5794047912839655
0,0.06745730336836533
0,0.2052480399882653
1,0.6372807873879603
0,0.06896070950269864
0,0.2828340917076547
0,0.31052617156695833
0,0.340814815274037
0,0.35683255538854214
0,0.16413532572135023
0,0.13663997289756957
0,0.18755664850693313
1,0.8161264182313451
0,0.3284100061402585
0,0.045751892750605094
0,0.22071673150146262
1,0.6244155603028109
0,0.1954254446643564
0,0.1592966594786146
1,0.6228592271001715
1,0.7570216592156369
0,0.24001552427301553
1,0.8276217637876125
0,0.13589885792760803
0,0.15657641571747982
0,0.030492775685864695
0,0.1089467359870725
1,0.6568178084371
0,0.325132365965138
0,0.12694018070759713
1,0.7583798833964283
1,0.8388253761687479
0,0.1792889182430318
1,0.708394964790958
0,0.14410364637791473
1,0.9134533943400981
1,0.8709053409217467
1,0.9190837266606721
0,0.44577956416766984
0,0.1871124289643051
0,0.26164386660319566
